[{"id":"user-image-76031581107830e88f822a9237eb2d4b.jpg","publicUrl":"np://user.desktop.nicepage.com/Site_545814813/images/76031581107830e88f822a9237eb2d4b.jpg","size":101973,"fileName":"76031581107830e88f822a9237eb2d4b.jpg","name":"76031581107830e88f822a9237eb2d4b","width":564,"height":705,"thumbnail":{"url":"np://user.desktop.nicepage.com/Site_545814813/images/thumbnails/76031581107830e88f822a9237eb2d4b.jpg","width":200,"height":250}},{"id":"user-image-stil-vintazh-v-interere-dizayn-interera-49.jpg","publicUrl":"np://user.desktop.nicepage.com/Site_545814813/images/stil-vintazh-v-interere-dizayn-interera-49.jpg","size":171202,"fileName":"stil-vintazh-v-interere-dizayn-interera-49.jpg","name":"stil-vintazh-v-interere-dizayn-interera-49","width":1280,"height":866,"thumbnail":{"url":"np://user.desktop.nicepage.com/Site_545814813/images/thumbnails/stil-vintazh-v-interere-dizayn-interera-49.jpg","width":250,"height":169}},{"id":"user-image-26959886878_237c1b6045_b.jpg","publicUrl":"np://user.desktop.nicepage.com/Site_545814813/images/26959886878_237c1b6045_b.jpg","size":196868,"fileName":"26959886878_237c1b6045_b.jpg","name":"26959886878_237c1b6045_b","width":1024,"height":683,"thumbnail":{"url":"np://user.desktop.nicepage.com/Site_545814813/images/thumbnails/26959886878_237c1b6045_b.jpg","width":250,"height":167}},{"id":"user-image-log1.svg","publicUrl":"np://user.desktop.nicepage.com/Site_545814813/images/log1.svg","size":203114,"fileName":"log1.svg","name":"log1","width":89,"height":50,"thumbnail":{"url":"np://user.desktop.nicepage.com/Site_545814813/images/log1.svg","width":89,"height":50,"length":203114,"type":"svg"}},{"id":"user-image-log2.svg","publicUrl":"np://user.desktop.nicepage.com/Site_545814813/images/log2.svg","size":203114,"fileName":"log2.svg","name":"log2","width":89,"height":50,"thumbnail":{"url":"np://user.desktop.nicepage.com/Site_545814813/images/log2.svg","width":89,"height":50,"length":203114,"type":"svg"}},{"id":"user-image-log.svg","publicUrl":"np://user.desktop.nicepage.com/Site_545814813/images/log.svg","size":203887,"fileName":"log.svg","name":"log","width":89,"height":50,"thumbnail":{"url":"np://user.desktop.nicepage.com/Site_545814813/images/log.svg","width":89,"height":50,"length":203887,"type":"svg"}},{"id":"user-image-74405372fd410ed9712728aed65960f4.jpeg","publicUrl":"np://user.desktop.nicepage.com/Site_545814813/images/74405372fd410ed9712728aed65960f4.jpeg","size":125544,"fileName":"74405372fd410ed9712728aed65960f4.jpeg","name":"74405372fd410ed9712728aed65960f4","width":780,"height":975,"thumbnail":{"url":"np://user.desktop.nicepage.com/Site_545814813/images/thumbnails/74405372fd410ed9712728aed65960f4.jpeg","width":200,"height":250}},{"id":"user-image-ef842e1f9a1c7da4127515b2895e1bea--men-wedding-fashion-fashion-men.jpg","publicUrl":"np://user.desktop.nicepage.com/Site_545814813/images/ef842e1f9a1c7da4127515b2895e1bea--men-wedding-fashion-fashion-men.jpg","size":74386,"fileName":"ef842e1f9a1c7da4127515b2895e1bea--men-wedding-fashion-fashion-men.jpg","name":"ef842e1f9a1c7da4127515b2895e1bea--men-wedding-fashion-fashion-men","width":531,"height":798,"thumbnail":{"url":"np://user.desktop.nicepage.com/Site_545814813/images/thumbnails/ef842e1f9a1c7da4127515b2895e1bea--men-wedding-fashion-fashion-men.jpg","width":166,"height":250}},{"id":"user-image-b03a2897acb6a743ead0432da56daf2a.jpg","publicUrl":"np://user.desktop.nicepage.com/Site_545814813/images/b03a2897acb6a743ead0432da56daf2a.jpg","size":217021,"fileName":"b03a2897acb6a743ead0432da56daf2a.jpg","name":"b03a2897acb6a743ead0432da56daf2a","width":1080,"height":1350,"thumbnail":{"url":"np://user.desktop.nicepage.com/Site_545814813/images/thumbnails/b03a2897acb6a743ead0432da56daf2a.jpg","width":200,"height":250}},{"id":"user-image-52529dcd27736b237a2b20e8a54c9ebb.jpg","publicUrl":"np://user.desktop.nicepage.com/Site_545814813/images/52529dcd27736b237a2b20e8a54c9ebb.jpg","size":101310,"fileName":"52529dcd27736b237a2b20e8a54c9ebb.jpg","name":"52529dcd27736b237a2b20e8a54c9ebb","width":735,"height":736,"thumbnail":{"url":"np://user.desktop.nicepage.com/Site_545814813/images/thumbnails/52529dcd27736b237a2b20e8a54c9ebb.jpg","width":250,"height":250}},{"id":"user-image-6-1-scaled.jpg","publicUrl":"np://user.desktop.nicepage.com/Site_545814813/images/6-1-scaled.jpg","size":734696,"fileName":"6-1-scaled.jpg","name":"6-1-scaled","width":2560,"height":1707,"thumbnail":{"url":"np://user.desktop.nicepage.com/Site_545814813/images/thumbnails/6-1-scaled.jpg","width":250,"height":167}},{"id":"user-image-chemodany-i-sunduki-007.jpg","publicUrl":"np://user.desktop.nicepage.com/Site_545814813/images/chemodany-i-sunduki-007.jpg","size":853412,"fileName":"chemodany-i-sunduki-007.jpg","name":"chemodany-i-sunduki-007","width":984,"height":984,"thumbnail":{"url":"np://user.desktop.nicepage.com/Site_545814813/images/thumbnails/chemodany-i-sunduki-007.jpg","width":250,"height":250}},{"id":"user-image-1646978387_47-klublady-ru-p-obraz-stil-retro-v-odezhde-foto-49.jpg","publicUrl":"np://user.desktop.nicepage.com/Site_545814813/images/1646978387_47-klublady-ru-p-obraz-stil-retro-v-odezhde-foto-49.jpg","size":337989,"fileName":"1646978387_47-klublady-ru-p-obraz-stil-retro-v-odezhde-foto-49.jpg","name":"1646978387_47-klublady-ru-p-obraz-stil-retro-v-odezhde-foto-49","width":1080,"height":1349,"thumbnail":{"url":"np://user.desktop.nicepage.com/Site_545814813/images/thumbnails/1646978387_47-klublady-ru-p-obraz-stil-retro-v-odezhde-foto-49.jpg","width":200,"height":250}},{"id":"user-image-Brand-Men-Clothing-Autumn-Winter-business-causal-Retro-mens-slim-fit-suit-vest-waistcoat-men-formal.jpeg","publicUrl":"np://user.desktop.nicepage.com/Site_545814813/images/Brand-Men-Clothing-Autumn-Winter-business-causal-Retro-mens-slim-fit-suit-vest-waistcoat-men-formal.jpeg","size":380932,"fileName":"Brand-Men-Clothing-Autumn-Winter-business-causal-Retro-mens-slim-fit-suit-vest-waistcoat-men-formal.jpeg","name":"Brand-Men-Clothing-Autumn-Winter-business-causal-Retro-mens-slim-fit-suit-vest-waistcoat-men-formal","width":800,"height":800,"thumbnail":{"url":"np://user.desktop.nicepage.com/Site_545814813/images/thumbnails/Brand-Men-Clothing-Autumn-Winter-business-causal-Retro-mens-slim-fit-suit-vest-waistcoat-men-formal.jpeg","width":250,"height":250}},{"id":"user-image-i1.svg","publicUrl":"np://user.desktop.nicepage.com/Site_545814813/images/i1.svg","size":7103,"fileName":"i1.svg","name":"i1","width":44,"height":44,"thumbnail":{"url":"np://user.desktop.nicepage.com/Site_545814813/images/i1.svg","width":44,"height":44,"length":7103,"type":"svg"}},{"id":"user-image-i2.svg","publicUrl":"np://user.desktop.nicepage.com/Site_545814813/images/i2.svg","size":5947,"fileName":"i2.svg","name":"i2","width":44,"height":44,"thumbnail":{"url":"np://user.desktop.nicepage.com/Site_545814813/images/i2.svg","width":44,"height":44,"length":5947,"type":"svg"}},{"id":"user-image-i3.svg","publicUrl":"np://user.desktop.nicepage.com/Site_545814813/images/i3.svg","size":8521,"fileName":"i3.svg","name":"i3","width":44,"height":44,"thumbnail":{"url":"np://user.desktop.nicepage.com/Site_545814813/images/i3.svg","width":44,"height":44,"length":8521,"type":"svg"}},{"id":"user-image-1635970823_37-mykaleidoscope-ru-p-vintazhnoe-plate-devushka-krasivo-foto-40.jpg","publicUrl":"np://user.desktop.nicepage.com/Site_545814813/images/1635970823_37-mykaleidoscope-ru-p-vintazhnoe-plate-devushka-krasivo-foto-40.jpg","size":118614,"fileName":"1635970823_37-mykaleidoscope-ru-p-vintazhnoe-plate-devushka-krasivo-foto-40.jpg","name":"1635970823_37-mykaleidoscope-ru-p-vintazhnoe-plate-devushka-krasivo-foto-40","width":780,"height":1017,"thumbnail":{"url":"np://user.desktop.nicepage.com/Site_545814813/images/thumbnails/1635970823_37-mykaleidoscope-ru-p-vintazhnoe-plate-devushka-krasivo-foto-40.jpg","width":192,"height":250}},{"id":"user-image-188c07b1db14c723199a13f3a129f1b5.jpg","publicUrl":"np://user.desktop.nicepage.com/Site_545814813/images/188c07b1db14c723199a13f3a129f1b5.jpg","size":97585,"fileName":"188c07b1db14c723199a13f3a129f1b5.jpg","name":"188c07b1db14c723199a13f3a129f1b5","width":638,"height":638,"thumbnail":{"url":"np://user.desktop.nicepage.com/Site_545814813/images/thumbnails/188c07b1db14c723199a13f3a129f1b5.jpg","width":250,"height":250}},{"id":"user-image-0QB-KGHhJAA.jpg","publicUrl":"np://user.desktop.nicepage.com/Site_545814813/images/0QB-KGHhJAA.jpg","size":58314,"fileName":"0QB-KGHhJAA.jpg","name":"0QB-KGHhJAA","width":320,"height":400,"thumbnail":{"url":"np://user.desktop.nicepage.com/Site_545814813/images/thumbnails/0QB-KGHhJAA.jpg","width":200,"height":250}},{"id":"user-image-eec7733831a50b1e6e633be881a4c23c.jpg","publicUrl":"np://user.desktop.nicepage.com/Site_545814813/images/eec7733831a50b1e6e633be881a4c23c.jpg","size":77884,"fileName":"eec7733831a50b1e6e633be881a4c23c.jpg","name":"eec7733831a50b1e6e633be881a4c23c","width":736,"height":733,"thumbnail":{"url":"np://user.desktop.nicepage.com/Site_545814813/images/thumbnails/eec7733831a50b1e6e633be881a4c23c.jpg","width":250,"height":249}},{"id":"user-image-1336e7fe3cc4ee530e0d389a6440d408.jpg","publicUrl":"np://user.desktop.nicepage.com/Site_545814813/images/1336e7fe3cc4ee530e0d389a6440d408.jpg","size":112406,"fileName":"1336e7fe3cc4ee530e0d389a6440d408.jpg","name":"1336e7fe3cc4ee530e0d389a6440d408","width":1200,"height":1200,"thumbnail":{"url":"np://user.desktop.nicepage.com/Site_545814813/images/thumbnails/1336e7fe3cc4ee530e0d389a6440d408.jpg","width":250,"height":250}},{"id":"user-image-privately.ru_jectetika-xix-veka-vygljadit-imenno-tak--5.jpg","publicUrl":"np://user.desktop.nicepage.com/Site_545814813/images/privately.ru_jectetika-xix-veka-vygljadit-imenno-tak--5.jpg","size":103048,"fileName":"privately.ru_jectetika-xix-veka-vygljadit-imenno-tak--5.jpg","name":"privately.ru_jectetika-xix-veka-vygljadit-imenno-tak--5","width":960,"height":960,"thumbnail":{"url":"np://user.desktop.nicepage.com/Site_545814813/images/thumbnails/privately.ru_jectetika-xix-veka-vygljadit-imenno-tak--5.jpg","width":250,"height":250}},{"id":"user-image-b177b9fcf578bf90841e84c52aa30a8f.jpg","publicUrl":"np://user.desktop.nicepage.com/Site_545814813/images/b177b9fcf578bf90841e84c52aa30a8f.jpg","size":132407,"fileName":"b177b9fcf578bf90841e84c52aa30a8f.jpg","name":"b177b9fcf578bf90841e84c52aa30a8f","width":1080,"height":862,"thumbnail":{"url":"np://user.desktop.nicepage.com/Site_545814813/images/thumbnails/b177b9fcf578bf90841e84c52aa30a8f.jpg","width":250,"height":200}},{"id":"user-image-eddc1c5a5c5ed0a1278f4ac161ef76cb.jpg","publicUrl":"np://user.desktop.nicepage.com/Site_545814813/images/eddc1c5a5c5ed0a1278f4ac161ef76cb.jpg","size":216947,"fileName":"eddc1c5a5c5ed0a1278f4ac161ef76cb.jpg","name":"eddc1c5a5c5ed0a1278f4ac161ef76cb","width":1080,"height":1349,"thumbnail":{"url":"np://user.desktop.nicepage.com/Site_545814813/images/thumbnails/eddc1c5a5c5ed0a1278f4ac161ef76cb.jpg","width":200,"height":250}},{"id":"user-image-e7f6e3ea5484cc15c77d6b6b6b2e5a70.jpg","publicUrl":"np://user.desktop.nicepage.com/Site_545814813/images/e7f6e3ea5484cc15c77d6b6b6b2e5a70.jpg","size":177449,"fileName":"e7f6e3ea5484cc15c77d6b6b6b2e5a70.jpg","name":"e7f6e3ea5484cc15c77d6b6b6b2e5a70","width":1113,"height":1219,"thumbnail":{"url":"np://user.desktop.nicepage.com/Site_545814813/images/thumbnails/e7f6e3ea5484cc15c77d6b6b6b2e5a70.jpg","width":228,"height":250}},{"id":"user-image-H4845536704f84de98acda3883871fba3Q.jpg","publicUrl":"np://user.desktop.nicepage.com/Site_545814813/images/H4845536704f84de98acda3883871fba3Q.jpg","size":94886,"fileName":"H4845536704f84de98acda3883871fba3Q.jpg","name":"H4845536704f84de98acda3883871fba3Q","width":800,"height":800,"thumbnail":{"url":"np://user.desktop.nicepage.com/Site_545814813/images/H4845536704f84de98acda3883871fba3Q.jpg","width":250,"height":250}},{"id":"user-image-H2a90901b40b54a78b5689745d35212e8d.jpg","publicUrl":"np://user.desktop.nicepage.com/Site_545814813/images/H2a90901b40b54a78b5689745d35212e8d.jpg","size":153220,"fileName":"H2a90901b40b54a78b5689745d35212e8d.jpg","name":"H2a90901b40b54a78b5689745d35212e8d","width":800,"height":800,"thumbnail":{"url":"np://user.desktop.nicepage.com/Site_545814813/images/H2a90901b40b54a78b5689745d35212e8d.jpg","width":250,"height":250}},{"id":"user-image-379599bfd88bddf66490daa6ba24d8f0.jpg","publicUrl":"np://user.desktop.nicepage.com/Site_545814813/images/379599bfd88bddf66490daa6ba24d8f0.jpg","size":81389,"fileName":"379599bfd88bddf66490daa6ba24d8f0.jpg","name":"379599bfd88bddf66490daa6ba24d8f0","width":736,"height":1104,"thumbnail":{"url":"np://user.desktop.nicepage.com/Site_545814813/images/thumbnails/379599bfd88bddf66490daa6ba24d8f0.jpg","width":167,"height":250}},{"id":"user-image-3703903.png","publicUrl":"np://user.desktop.nicepage.com/Site_545814813/images/3703903.png","size":4014,"fileName":"3703903.png","name":"3703903","width":128,"height":128,"thumbnail":{"url":"np://user.desktop.nicepage.com/Site_545814813/images/thumbnails/3703903.png","width":128,"height":128,"length":4014,"type":"png"}},{"id":"user-image-log3.svg","publicUrl":"np://user.desktop.nicepage.com/Site_545814813/images/log3.svg","size":202475,"fileName":"log3.svg","name":"log3","width":40,"height":39,"thumbnail":{"url":"np://user.desktop.nicepage.com/Site_545814813/images/log3.svg","width":40,"height":39,"length":202475,"type":"svg"}}]